Sample,Organ,Type,Subtype
GSM887751,breast,carcinoma,ductal_carcinomas
GSM887750,breast,carcinoma,ductal_carcinoma
GSM887749,breast,carcinoma,NA
GSM887748,central_nervous_system,glioma,astrocytoma_Grade_IV
GSM887747,central_nervous_system,glioma,astrocytoma_Grade_IV
GSM887746,upper_aerodigestive_tract,carcinoma,squamous_cell_carcinoma
GSM887745,upper_aerodigestive_tract,carcinoma,squamous_cell_carcinoma
GSM887744,salivary_gland,carcinoma,mucoepidermoid_carcinoma
GSM887743,upper_aerodigestive_tract,carcinoma,squamous_cell_carcinoma
GSM887742,pancreas,carcinoma,NA
GSM887741,haematopoietic_and_lymphoid_tissue,lymphoid_neoplasm,diffuse_large_B_cell_lymphoma
GSM887740,skin,malignant_melanoma,NA
GSM887739,skin,malignant_melanoma,NA
GSM887738,skin,malignant_melanoma,NA
GSM887737,skin,malignant_melanoma,NA
GSM887736,skin,malignant_melanoma,NA
GSM887735,skin,malignant_melanoma,NA
GSM887734,kidney,carcinoma,renal_cell_carcinoma
GSM887733,kidney,carcinoma,NA
GSM887732,urinary_tract,carcinoma,transitional_cell_carcinoma
GSM887731,prostate,carcinoma,adenocarcinoma
GSM887730,haematopoietic_and_lymphoid_tissue,haematopoietic_neoplasm,acute_myeloid_leukaemia
GSM887729,urinary_tract,carcinoma,transitional_cell_carcinoma
GSM887728,breast,carcinoma,ductal_carcinoma
GSM887727,breast,carcinoma,ductal_carcinoma
GSM887726,skin,malignant_melanoma,NA
GSM887725,skin,malignant_melanoma,NA
GSM887724,haematopoietic_and_lymphoid_tissue,lymphoid_neoplasm,diffuse_large_B_cell_lymphoma
GSM887723,central_nervous_system,glioma,astrocytoma
GSM887722,bone,osteosarcoma,NA
GSM887721,haematopoietic_and_lymphoid_tissue,lymphoid_neoplasm,plasma_cell_myeloma
GSM887720,central_nervous_system,glioma,astrocytoma
GSM887719,central_nervous_system,glioma,astrocytoma
GSM887718,ovary,carcinoma,undifferentiated_carcinoma
GSM887717,kidney,carcinoma,NA
GSM887716,kidney,carcinoma,NA
GSM887715,kidney,carcinoma,NA
GSM887714,thyroid,carcinoma,medullary_carcinoma
GSM887713,oesophagus,carcinoma,squamous_cell_carcinoma
GSM887712,thyroid,carcinoma,follicular_carcinoma
GSM887711,ovary,carcinoma,clear_cell_carcinoma
GSM887710,ovary,carcinoma,endometrioid_carcinoma
GSM887709,haematopoietic_and_lymphoid_tissue,lymphoid_neoplasm,diffuse_large_B_cell_lymphoma
GSM887708,haematopoietic_and_lymphoid_tissue,lymphoid_neoplasm,Hodgkin_lymphoma
GSM887707,central_nervous_system,glioma,astrocytoma
GSM887706,haematopoietic_and_lymphoid_tissue,haematopoietic_neoplasm,acute_myeloid_leukaemia
GSM887705,stomach,carcinoma,NA
GSM887704,haematopoietic_and_lymphoid_tissue,haematopoietic_neoplasm,acute_myeloid_leukaemia
GSM887703,endometrium,carcinoma,clear_cell_carcinoma
GSM887702,oesophagus,carcinoma,squamous_cell_carcinoma
GSM887701,oesophagus,carcinoma,squamous_cell_carcinoma
GSM887700,oesophagus,carcinoma,squamous_cell_carcinoma
GSM887699,soft_tissue,rhabdomyosarcoma,NA
GSM887698,oesophagus,carcinoma,squamous_cell_carcinoma
GSM887697,oesophagus,carcinoma,squamous_cell_carcinoma
GSM887696,soft_tissue,rhabdomyosarcoma,NA
GSM887695,oesophagus,carcinoma,squamous_cell_carcinoma
GSM887694,oesophagus,carcinoma,squamous_cell_carcinoma
GSM887693,oesophagus,carcinoma,squamous_cell_carcinoma
GSM887692,oesophagus,carcinoma,squamous_cell_carcinoma
GSM887691,oesophagus,carcinoma,squamous_cell_carcinoma
GSM887690,pancreas,carcinoma,NA
GSM887689,bone,Ewings_sarcoma-peripheral_primitive_neuroectodermal_tumour,NA
GSM887688,haematopoietic_and_lymphoid_tissue,lymphoid_neoplasm,acute_lymphoblastic_T_cell_leukaemia
GSM887687,central_nervous_system,glioma,astrocytoma_Grade_IV
GSM887686,large_intestine,carcinoma,adenocarcinoma
GSM887685,breast,carcinoma,ductal_carcinoma
GSM887684,pancreas,carcinoma,ductal_carcinoma
GSM887683,urinary_tract,carcinoma,transitional_cell_carcinoma
GSM887682,bone,osteosarcoma,NA
GSM887681,large_intestine,carcinoma,adenocarcinoma
GSM887680,lung,carcinoma,squamous_cell_carcinoma
GSM887679,large_intestine,carcinoma,adenocarcinoma
GSM887678,urinary_tract,carcinoma,transitional_cell_carcinoma
GSM887677,large_intestine,carcinoma,adenocarcinoma
GSM887676,thyroid,carcinoma,anaplastic_carcinoma
GSM887675,large_intestine,carcinoma,adenocarcinoma
GSM887674,large_intestine,carcinoma,adenocarcinoma
GSM887673,large_intestine,carcinoma,adenocarcinoma
GSM887672,pancreas,carcinoma,ductal_carcinoma
GSM887671,central_nervous_system,glioma,astrocytoma_Grade_III
GSM887670,urinary_tract,carcinoma,transitional_cell_carcinoma
GSM887669,lung,carcinoma,squamous_cell_carcinoma
GSM887668,large_intestine,carcinoma,adenocarcinoma
GSM887667,large_intestine,carcinoma,adenocarcinoma
GSM887666,bone,chondrosarcoma,NA
GSM887665,lung,carcinoma,small_cell_carcinoma
GSM887664,large_intestine,carcinoma,adenocarcinoma
GSM887663,central_nervous_system,glioma,NA
GSM887662,haematopoietic_and_lymphoid_tissue,lymphoid_neoplasm,acute_lymphoblastic_T_cell_leukaemia
GSM887661,haematopoietic_and_lymphoid_tissue,lymphoid_neoplasm,peripheral_T_cell_lymphoma_unspecified
GSM887660,haematopoietic_and_lymphoid_tissue,lymphoid_neoplasm,anaplastic_large_cell_lymphoma
GSM887659,haematopoietic_and_lymphoid_tissue,lymphoid_neoplasm,Hodgkin_lymphoma
GSM887658,haematopoietic_and_lymphoid_tissue,lymphoid_neoplasm,acute_lymphoblastic_B_cell_leukaemia
GSM887657,pancreas,carcinoma,ductal_carcinoma
GSM887656,haematopoietic_and_lymphoid_tissue,lymphoid_neoplasm,diffuse_large_B_cell_lymphoma
GSM887655,haematopoietic_and_lymphoid_tissue,lymphoid_neoplasm,diffuse_large_B_cell_lymphoma
GSM887654,haematopoietic_and_lymphoid_tissue,lymphoid_neoplasm,diffuse_large_B_cell_lymphoma
GSM887653,haematopoietic_and_lymphoid_tissue,lymphoid_neoplasm,diffuse_large_B_cell_lymphoma
GSM887652,haematopoietic_and_lymphoid_tissue,lymphoid_neoplasm,anaplastic_large_cell_lymphoma
GSM887651,haematopoietic_and_lymphoid_tissue,lymphoid_neoplasm,diffuse_large_B_cell_lymphoma
GSM887650,pancreas,carcinoma,ductal_carcinoma
GSM887649,haematopoietic_and_lymphoid_tissue,lymphoid_neoplasm,Burkitt_lymphoma
GSM887648,haematopoietic_and_lymphoid_tissue,lymphoid_neoplasm,anaplastic_large_cell_lymphoma
GSM887647,lung,carcinoma,squamous_cell_carcinoma
GSM887646,large_intestine,carcinoma,adenocarcinoma
GSM887645,large_intestine,carcinoma,adenocarcinoma
GSM887644,large_intestine,carcinoma,adenocarcinoma
GSM887643,large_intestine,carcinoma,adenocarcinoma
GSM887642,upper_aerodigestive_tract,carcinoma,squamous_cell_carcinoma
GSM887641,liver,carcinoma,hepatocellular_carcinoma
GSM887640,ovary,carcinoma,Brenner_tumour
GSM887639,liver,carcinoma,hepatocellular_carcinoma
GSM887638,central_nervous_system,glioma,oligodendroglioma
GSM887637,central_nervous_system,glioma,astrocytoma_Grade_IV
GSM887636,stomach,carcinoma,NA
GSM887635,large_intestine,carcinoma,NA
GSM887634,stomach,carcinoma,undifferentiated_adenocarcinoma
GSM887633,stomach,carcinoma,NA
GSM887632,large_intestine,carcinoma,NA
GSM887631,biliary_tract,carcinoma,NA
GSM887630,liver,carcinoma,hepatocellular_carcinoma
GSM887629,upper_aerodigestive_tract,carcinoma,squamous_cell_carcinoma
GSM887628,central_nervous_system,glioma,astrocytoma_Grade_IV
GSM887627,liver,carcinoma,hepatocellular_carcinoma
GSM887626,liver,carcinoma,hepatocellular_carcinoma
GSM887625,pancreas,carcinoma,NA
GSM887624,large_intestine,carcinoma,NA
GSM887623,liver,carcinoma,hepatocellular_carcinoma
GSM887622,liver,carcinoma,hepatocellular_carcinoma
GSM887621,pancreas,carcinoma,NA
GSM887620,biliary_tract,carcinoma,NA
GSM887619,large_intestine,carcinoma,NA
GSM887618,biliary_tract,carcinoma,NA
GSM887617,stomach,carcinoma,NA
GSM887616,pancreas,carcinoma,NA
GSM887615,central_nervous_system,glioma,astrocytoma_Grade_IV
GSM887614,stomach,carcinoma,undifferentiated_adenocarcinoma
GSM887613,liver,carcinoma,hepatocellular_carcinoma
GSM887612,large_intestine,carcinoma,NA
GSM887611,stomach,carcinoma,undifferentiated_adenocarcinoma
GSM887610,kidney,carcinoma,clear_cell_renal_cell_carcinoma
GSM887609,upper_aerodigestive_tract,carcinoma,squamous_cell_carcinoma
GSM887608,ovary,carcinoma,adenocarcinoma
GSM887607,biliary_tract,carcinoma,NA
GSM887606,central_nervous_system,glioma,astrocytoma_Grade_IV
GSM887605,biliary_tract,carcinoma,NA
GSM887604,endometrium,carcinoma,carcinosarcoma-malignant_mesodermal_mixed_tumour
GSM887603,upper_aerodigestive_tract,carcinoma,squamous_cell_carcinoma
GSM887602,large_intestine,carcinoma,NA
GSM887601,endometrium,carcinoma,adenocarcinoma
GSM887600,central_nervous_system,glioma,astrocytoma_Grade_IV
GSM887599,soft_tissue,leiomyosarcoma,NA
GSM887598,ovary,carcinoma,adenocarcinoma
GSM887597,autonomic_ganglia,neuroblastoma,NA
GSM887596,bone,Ewings_sarcoma-peripheral_primitive_neuroectodermal_tumour,NA
GSM887595,autonomic_ganglia,neuroblastoma,NA
GSM887594,autonomic_ganglia,neuroblastoma,NA
GSM887593,autonomic_ganglia,neuroblastoma,NA
GSM887592,autonomic_ganglia,neuroblastoma,NA
GSM887591,haematopoietic_and_lymphoid_tissue,lymphoid_neoplasm,plasma_cell_myeloma
GSM887590,lung,carcinoma,squamous_cell_carcinoma
GSM887589,skin,malignant_melanoma,NA
GSM887588,skin,malignant_melanoma,NA
GSM887587,skin,malignant_melanoma,NA
GSM887586,skin,malignant_melanoma,NA
GSM887585,skin,malignant_melanoma,NA
GSM887584,skin,malignant_melanoma,NA
GSM887583,skin,malignant_melanoma,NA
GSM887582,skin,malignant_melanoma,NA
GSM887581,haematopoietic_and_lymphoid_tissue,haematopoietic_neoplasm,acute_myeloid_leukaemia
GSM887580,lung,carcinoma,adenocarcinoma
GSM887579,soft_tissue,sarcoma,NA
GSM887578,liver,carcinoma,adenocarcinoma
GSM887577,bone,Ewings_sarcoma-peripheral_primitive_neuroectodermal_tumour,NA
GSM887576,large_intestine,carcinoma,adenocarcinoma
GSM887575,breast,carcinoma,NA
GSM887574,bone,osteosarcoma,NA
GSM887573,soft_tissue,rhabdomyosarcoma,NA
GSM887572,autonomic_ganglia,neuroblastoma,NA
GSM887571,haematopoietic_and_lymphoid_tissue,haematopoietic_neoplasm,acute_myeloid_leukaemia
GSM887570,autonomic_ganglia,neuroblastoma,NA
GSM887569,lung,carcinoma,small_cell_carcinoma
GSM887568,skin,malignant_melanoma,NA
GSM887567,stomach,carcinoma,NA
GSM887566,central_nervous_system,glioma,astrocytoma_Grade_IV
GSM887565,central_nervous_system,glioma,astrocytoma
GSM887564,haematopoietic_and_lymphoid_tissue,haematopoietic_neoplasm,essential_thrombocythaemia
GSM887563,haematopoietic_and_lymphoid_tissue,lymphoid_neoplasm,acute_lymphoblastic_B_cell_leukaemia
GSM887562,lung,carcinoma,small_cell_carcinoma
GSM887561,upper_aerodigestive_tract,carcinoma,squamous_cell_carcinoma
GSM887560,upper_aerodigestive_tract,carcinoma,squamous_cell_carcinoma
GSM887559,upper_aerodigestive_tract,carcinoma,squamous_cell_carcinoma
GSM887558,upper_aerodigestive_tract,carcinoma,squamous_cell_carcinoma
GSM887557,urinary_tract,carcinoma,transitional_cell_carcinoma
GSM887556,lung,carcinoma,small_cell_carcinoma
GSM887555,soft_tissue,sarcoma,NA
GSM887554,skin,malignant_melanoma,NA
GSM887553,urinary_tract,carcinoma,transitional_cell_carcinoma
GSM887552,urinary_tract,carcinoma,transitional_cell_carcinoma
GSM887551,urinary_tract,carcinoma,NA
GSM887550,haematopoietic_and_lymphoid_tissue,lymphoid_neoplasm,acute_lymphoblastic_B_cell_leukaemia
GSM887549,haematopoietic_and_lymphoid_tissue,lymphoid_neoplasm,acute_lymphoblastic_T_cell_leukaemia
GSM887548,haematopoietic_and_lymphoid_tissue,lymphoid_neoplasm,plasma_cell_myeloma
GSM887547,skin,malignant_melanoma,NA
GSM887546,haematopoietic_and_lymphoid_tissue,lymphoid_neoplasm,Hodgkin_lymphoma
GSM887545,ovary,carcinoma,adenocarcinoma
GSM887544,ovary,carcinoma,clear_cell_carcinoma
GSM887543,haematopoietic_and_lymphoid_tissue,lymphoid_neoplasm,B_cell_lymphoma_unspecified
GSM887542,endometrium,carcinoma,mixed_adenosquamous_carcinoma
GSM887541,large_intestine,carcinoma,adenocarcinoma
GSM887540,soft_tissue,leiomyosarcoma,NA
GSM887539,haematopoietic_and_lymphoid_tissue,lymphoid_neoplasm,B_cell_lymphoma_unspecified
GSM887538,soft_tissue,rhabdomyosarcoma,alveolar
GSM887537,lung,carcinoma,squamous_cell_carcinoma
GSM887536,lung,carcinoma,non_small_cell_carcinoma
GSM887535,lung,carcinoma,non_small_cell_carcinoma
GSM887534,lung,carcinoma,squamous_cell_carcinoma
GSM887533,lung,carcinoma,adenocarcinoma
GSM887532,lung,carcinoma,adenocarcinoma
GSM887531,stomach,carcinoma,NA
GSM887530,haematopoietic_and_lymphoid_tissue,lymphoid_neoplasm,acute_lymphoblastic_B_cell_leukaemia
GSM887529,haematopoietic_and_lymphoid_tissue,lymphoid_neoplasm,mantle_cell_lymphoma
GSM887528,soft_tissue,rhabdomyosarcoma,embryonal
GSM887527,bone,Ewings_sarcoma-peripheral_primitive_neuroectodermal_tumour,NA
GSM887526,large_intestine,carcinoma,adenocarcinoma
GSM887525,haematopoietic_and_lymphoid_tissue,lymphoid_neoplasm,acute_lymphoblastic_leukaemia
GSM887524,kidney,carcinoma,renal_cell_carcinoma
GSM887523,haematopoietic_and_lymphoid_tissue,lymphoid_neoplasm,Burkitt_lymphoma
GSM887522,pancreas,carcinoma,NA
GSM887521,pancreas,carcinoma,ductal_carcinoma
GSM887520,liver,carcinoma,hepatocellular_carcinoma
GSM887519,pancreas,carcinoma,ductal_carcinoma
GSM887518,haematopoietic_and_lymphoid_tissue,haematopoietic_neoplasm,acute_myeloid_leukaemia
GSM887517,pancreas,carcinoma,NA
GSM887516,pancreas,carcinoma,NA
GSM887515,pancreas,carcinoma,NA
GSM887514,haematopoietic_and_lymphoid_tissue,lymphoid_neoplasm,diffuse_large_B_cell_lymphoma
GSM887513,haematopoietic_and_lymphoid_tissue,lymphoid_neoplasm,acute_lymphoblastic_T_cell_leukaemia
GSM887512,haematopoietic_and_lymphoid_tissue,lymphoid_neoplasm,acute_lymphoblastic_T_cell_leukaemia
GSM887511,upper_aerodigestive_tract,carcinoma,squamous_cell_carcinoma
GSM887510,upper_aerodigestive_tract,carcinoma,squamous_cell_carcinoma
GSM887509,upper_aerodigestive_tract,carcinoma,squamous_cell_carcinoma
GSM887508,upper_aerodigestive_tract,carcinoma,squamous_cell_carcinoma
GSM887507,haematopoietic_and_lymphoid_tissue,lymphoid_neoplasm,plasma_cell_myeloma
GSM887506,prostate,carcinoma,adenocarcinoma
GSM887505,lung,carcinoma,non_small_cell_carcinoma
GSM887504,pancreas,carcinoma,ductal_carcinoma
GSM887503,pancreas,carcinoma,ductal_carcinoma
GSM887502,pancreas,carcinoma,ductal_carcinoma
GSM887501,pancreas,carcinoma,ductal_carcinoma
GSM887500,pancreas,carcinoma,ductal_carcinoma
GSM887499,pancreas,carcinoma,ductal_carcinoma
GSM887498,pancreas,carcinoma,NA
GSM887497,pancreas,carcinoma,NA
GSM887496,pancreas,carcinoma,ductal_carcinoma
GSM887495,pancreas,carcinoma,NA
GSM887494,pancreas,carcinoma,NA
GSM887493,haematopoietic_and_lymphoid_tissue,lymphoid_neoplasm,Burkitt_lymphoma
GSM887492,haematopoietic_and_lymphoid_tissue,haematopoietic_neoplasm,acute_myeloid_leukaemia
GSM887491,haematopoietic_and_lymphoid_tissue,lymphoid_neoplasm,acute_lymphoblastic_T_cell_leukaemia
GSM887490,ovary,carcinoma,clear_cell_carcinoma
GSM887489,ovary,carcinoma,adenocarcinoma
GSM887488,ovary,carcinoma,clear_cell_carcinoma
GSM887487,ovary,carcinoma,adenocarcinoma
GSM887486,ovary,carcinoma,endometrioid_carcinoma
GSM887485,ovary,carcinoma,NA
GSM887484,ovary,carcinoma,NA
GSM887483,ovary,carcinoma,mixed_carcinoma
GSM887482,ovary,carcinoma,NA
GSM887481,ovary,carcinoma,NA
GSM887480,bone,chondrosarcoma,NA
GSM887479,large_intestine,carcinoma,adenocarcinoma
GSM887478,haematopoietic_and_lymphoid_tissue,lymphoid_neoplasm,plasma_cell_myeloma
GSM887477,central_nervous_system,primitive_neuroectodermal_tumour-medulloblastoma,NA
GSM887476,oesophagus,other,metaplasia
GSM887475,oesophagus,carcinoma,adenocarcinoma
GSM887474,stomach,carcinoma,diffuse_adenocarcinoma
GSM887473,haematopoietic_and_lymphoid_tissue,haematopoietic_neoplasm,acute_myeloid_leukaemia
GSM887472,haematopoietic_and_lymphoid_tissue,lymphoid_neoplasm,diffuse_large_B_cell_lymphoma
GSM887471,haematopoietic_and_lymphoid_tissue,lymphoid_neoplasm,diffuse_large_B_cell_lymphoma
GSM887470,haematopoietic_and_lymphoid_tissue,haematopoietic_neoplasm,acute_myeloid_leukaemia
GSM887469,haematopoietic_and_lymphoid_tissue,haematopoietic_neoplasm,acute_myeloid_leukaemia
GSM887468,haematopoietic_and_lymphoid_tissue,haematopoietic_neoplasm,acute_myeloid_leukaemia
GSM887467,ovary,carcinoma,adenocarcinoma
GSM887466,ovary,carcinoma,serous_carcinoma
GSM887465,ovary,carcinoma,NA
GSM887464,ovary,carcinoma,NA
GSM887463,stomach,carcinoma,signet_ring_adenocarcinoma
GSM887462,stomach,carcinoma,NA
GSM887461,stomach,carcinoma,adenocarcinoma
GSM887460,haematopoietic_and_lymphoid_tissue,lymphoid_neoplasm,B_cell_lymphoma_unspecified
GSM887459,haematopoietic_and_lymphoid_tissue,lymphoid_neoplasm,diffuse_large_B_cell_lymphoma
GSM887458,haematopoietic_and_lymphoid_tissue,haematopoietic_neoplasm,acute_myeloid_leukaemia
GSM887457,central_nervous_system,glioma,NA
GSM887456,ovary,carcinoma,NA
GSM887455,autonomic_ganglia,neuroblastoma,NA
GSM887454,haematopoietic_and_lymphoid_tissue,haematopoietic_neoplasm,chronic_myeloid_leukaemia
GSM887453,stomach,carcinoma,NA
GSM887452,haematopoietic_and_lymphoid_tissue,lymphoid_neoplasm,plasma_cell_myeloma
GSM887451,lung,carcinoma,small_cell_carcinoma
GSM887450,lung,carcinoma,adenocarcinoma
GSM887449,lung,carcinoma,small_cell_carcinoma
GSM887448,lung,carcinoma,non_small_cell_carcinoma
GSM887447,lung,carcinoma,small_cell_carcinoma
GSM887446,lung,carcinoma,large_cell_carcinoma
GSM887445,large_intestine,carcinoma,adenocarcinoma
GSM887444,lung,carcinoid-endocrine_tumour,NA
GSM887443,large_intestine,carcinoma,adenocarcinoma
GSM887442,lung,carcinoma,small_cell_carcinoma
GSM887441,lung,carcinoma,large_cell_carcinoma
GSM887440,prostate,carcinoma,small_cell_carcinoma
GSM887439,lung,carcinoma,bronchioloalveolar_adenocarcinoma
GSM887438,lung,carcinoma,mixed_adenosquamous_carcinoma
GSM887437,lung,carcinoma,mixed_adenosquamous_carcinoma
GSM887436,lung,carcinoma,small_cell_carcinoma
GSM887435,lung,carcinoma,small_cell_carcinoma
GSM887434,lung,carcinoma,non_small_cell_carcinoma
GSM887433,lung,carcinoma,squamous_cell_carcinoma
GSM887432,lung,carcinoma,small_cell_carcinoma
GSM887431,large_intestine,carcinoma,adenocarcinoma
GSM887430,lung,carcinoma,large_cell_carcinoma
GSM887429,lung,carcinoma,small_cell_carcinoma
GSM887428,lung,carcinoma,adenocarcinoma
GSM887427,lung,carcinoma,bronchioloalveolar_adenocarcinoma
GSM887426,lung,carcinoma,adenocarcinoma
GSM887425,pleura,mesothelioma,NA
GSM887424,pleura,mesothelioma,NA
GSM887423,lung,carcinoma,non_small_cell_carcinoma
GSM887422,lung,carcinoma,adenocarcinoma
GSM887421,lung,carcinoma,non_small_cell_carcinoma
GSM887420,lung,carcinoma,adenocarcinoma
GSM887419,lung,carcinoma,adenocarcinoma
GSM887418,lung,carcinoma,adenocarcinoma
GSM887417,lung,carcinoma,small_cell_carcinoma
GSM887416,lung,carcinoma,squamous_cell_carcinoma
GSM887415,lung,carcinoma,adenocarcinoma
GSM887414,lung,carcinoma,small_cell_carcinoma
GSM887413,lung,carcinoma,small_cell_carcinoma
GSM887412,lung,carcinoma,non_small_cell_carcinoma
GSM887411,lung,carcinoma,small_cell_carcinoma
GSM887410,lung,carcinoma,squamous_cell_carcinoma
GSM887409,lung,carcinoma,small_cell_carcinoma
GSM887408,lung,carcinoma,adenocarcinoma
GSM887407,lung,carcinoma,adenocarcinoma
GSM887406,lung,carcinoma,small_cell_carcinoma
GSM887405,lung,carcinoma,non_small_cell_carcinoma
GSM887404,lung,carcinoma,non_small_cell_carcinoma
GSM887403,lung,carcinoma,small_cell_carcinoma
GSM887402,lung,carcinoma,adenocarcinoma
GSM887401,lung,carcinoma,adenocarcinoma
GSM887400,lung,carcinoma,small_cell_carcinoma
GSM887399,lung,carcinoma,small_cell_carcinoma
GSM887398,pleura,mesothelioma,NA
GSM887397,lung,carcinoma,non_small_cell_carcinoma
GSM887396,lung,carcinoma,small_cell_carcinoma
GSM887395,lung,carcinoma,adenocarcinoma
GSM887394,lung,carcinoma,adenocarcinoma
GSM887393,lung,carcinoma,non_small_cell_carcinoma
GSM887392,lung,carcinoma,small_cell_carcinoma
GSM887391,lung,carcinoma,small_cell_carcinoma
GSM887390,lung,carcinoma,non_small_cell_carcinoma
GSM887389,lung,carcinoma,small_cell_carcinoma
GSM887388,lung,carcinoma,large_cell_carcinoma
GSM887387,lung,carcinoma,small_cell_carcinoma
GSM887386,lung,carcinoma,squamous_cell_carcinoma
GSM887385,lung,carcinoma,non_small_cell_carcinoma
GSM887384,lung,carcinoma,small_cell_carcinoma
GSM887383,lung,carcinoma,non_small_cell_carcinoma
GSM887382,lung,carcinoma,adenocarcinoma
GSM887381,lung,carcinoma,bronchioloalveolar_adenocarcinoma
GSM887380,lung,carcinoma,adenocarcinoma
GSM887379,lung,carcinoma,adenocarcinoma
GSM887378,lung,carcinoma,adenocarcinoma
GSM887377,lung,carcinoma,small_cell_carcinoma
GSM887376,lung,carcinoma,adenocarcinoma
GSM887375,lung,carcinoma,bronchioloalveolar_adenocarcinoma
GSM887374,lung,carcinoma,adenocarcinoma
GSM887373,lung,carcinoma,bronchioloalveolar_adenocarcinoma
GSM887372,lung,carcinoma,adenocarcinoma
GSM887371,lung,carcinoma,adenocarcinoma
GSM887370,lung,carcinoma,small_cell_carcinoma
GSM887369,lung,carcinoma,large_cell_carcinoma
GSM887368,lung,carcinoma,adenocarcinoma
GSM887367,lung,carcinoma,non_small_cell_carcinoma
GSM887366,lung,carcinoma,adenocarcinoma
GSM887365,lung,carcinoma,small_cell_carcinoma
GSM887364,lung,carcinoma,adenocarcinoma
GSM887363,lung,carcinoma,small_cell_carcinoma
GSM887362,lung,carcinoma,non_small_cell_carcinoma
GSM887361,lung,carcinoma,adenocarcinoma
GSM887360,lung,carcinoma,squamous_cell_carcinoma
GSM887359,lung,carcinoma,adenocarcinoma
GSM887358,lung,carcinoma,adenocarcinoma
GSM887357,lung,carcinoma,small_cell_carcinoma
GSM887356,lung,carcinoma,small_cell_carcinoma
GSM887355,lung,carcinoma,non_small_cell_carcinoma
GSM887354,lung,carcinoma,small_cell_carcinoma
GSM887353,lung,carcinoma,large_cell_carcinoma
GSM887352,lung,carcinoma,small_cell_carcinoma
GSM887351,lung,carcinoma,small_cell_carcinoma
GSM887350,lung,carcinoma,small_cell_carcinoma
GSM887349,haematopoietic_and_lymphoid_tissue,haematopoietic_neoplasm,acute_myeloid_leukaemia
GSM887348,autonomic_ganglia,neuroblastoma,NA
GSM887347,haematopoietic_and_lymphoid_tissue,lymphoid_neoplasm,acute_lymphoblastic_B_cell_leukaemia
GSM887346,haematopoietic_and_lymphoid_tissue,haematopoietic_neoplasm,blast_phase_chronic_myeloid_leukaemia
GSM887345,haematopoietic_and_lymphoid_tissue,lymphoid_neoplasm,acute_lymphoblastic_B_cell_leukaemia
GSM887344,haematopoietic_and_lymphoid_tissue,haematopoietic_neoplasm,acute_myeloid_leukaemia
GSM887343,haematopoietic_and_lymphoid_tissue,lymphoid_neoplasm,acute_lymphoblastic_B_cell_leukaemia
GSM887342,pleura,mesothelioma,NA
GSM887341,pleura,mesothelioma,NA
GSM887340,haematopoietic_and_lymphoid_tissue,lymphoid_neoplasm,T_cell_large_granular_lymphocytic_leukaemia
GSM887339,lung,carcinoma,adenocarcinoma
GSM887338,haematopoietic_and_lymphoid_tissue,haematopoietic_neoplasm,acute_myeloid_leukaemia
GSM887337,haematopoietic_and_lymphoid_tissue,haematopoietic_neoplasm,acute_myeloid_leukaemia
GSM887336,haematopoietic_and_lymphoid_tissue,lymphoid_neoplasm,acute_lymphoblastic_T_cell_leukaemia
GSM887335,haematopoietic_and_lymphoid_tissue,lymphoid_neoplasm,acute_lymphoblastic_T_cell_leukaemia
GSM887334,haematopoietic_and_lymphoid_tissue,lymphoid_neoplasm,acute_lymphoblastic_T_cell_leukaemia
GSM887333,haematopoietic_and_lymphoid_tissue,lymphoid_neoplasm,plasma_cell_myeloma
GSM887332,haematopoietic_and_lymphoid_tissue,lymphoid_neoplasm,plasma_cell_myeloma
GSM887331,haematopoietic_and_lymphoid_tissue,haematopoietic_neoplasm,blast_phase_chronic_myeloid_leukaemia
GSM887330,haematopoietic_and_lymphoid_tissue,haematopoietic_neoplasm,acute_myeloid_leukaemia
GSM887329,haematopoietic_and_lymphoid_tissue,haematopoietic_neoplasm,acute_myeloid_leukaemia
GSM887328,haematopoietic_and_lymphoid_tissue,lymphoid_neoplasm,plasma_cell_myeloma
GSM887327,thyroid,carcinoma,follicular_carcinoma
GSM887326,stomach,carcinoma,tubular_adenocarcinoma
GSM887325,stomach,carcinoma,tubular_adenocarcinoma
GSM887324,stomach,carcinoma,diffuse_adenocarcinoma
GSM887323,stomach,carcinoma,mixed_adenosquamous_carcinoma
GSM887322,haematopoietic_and_lymphoid_tissue,lymphoid_neoplasm,mycosis_fungoides-Sezary_syndrome
GSM887321,haematopoietic_and_lymphoid_tissue,lymphoid_neoplasm,mantle_cell_lymphoma
GSM887320,pancreas,carcinoma,ductal_carcinoma
GSM887319,autonomic_ganglia,neuroblastoma,NA
GSM887318,bone,Ewings_sarcoma-peripheral_primitive_neuroectodermal_tumour,NA
GSM887317,haematopoietic_and_lymphoid_tissue,lymphoid_neoplasm,acute_lymphoblastic_B_cell_leukaemia
GSM887316,haematopoietic_and_lymphoid_tissue,lymphoid_neoplasm,acute_lymphoblastic_B_cell_leukaemia
GSM887315,haematopoietic_and_lymphoid_tissue,lymphoid_neoplasm,acute_lymphoblastic_B_cell_leukaemia
GSM887314,bone,osteosarcoma,NA
GSM887313,endometrium,carcinoma,adenocarcinoma
GSM887312,endometrium,carcinoma,adenocarcinoma
GSM887311,endometrium,carcinoma,adenocarcinoma
GSM887310,skin,malignant_melanoma,NA
GSM887309,skin,malignant_melanoma,NA
GSM887308,skin,malignant_melanoma,NA
GSM887307,haematopoietic_and_lymphoid_tissue,haematopoietic_neoplasm,blast_phase_chronic_myeloid_leukaemia
GSM887306,haematopoietic_and_lymphoid_tissue,lymphoid_neoplasm,chronic_lymphocytic_leukaemia-small_lymphocytic_lymphoma
GSM887305,haematopoietic_and_lymphoid_tissue,lymphoid_neoplasm,chronic_lymphocytic_leukaemia-small_lymphocytic_lymphoma
GSM887304,haematopoietic_and_lymphoid_tissue,haematopoietic_neoplasm,acute_myeloid_leukaemia
GSM887303,large_intestine,carcinoma,adenocarcinoma
GSM887302,prostate,carcinoma,adenocarcinoma
GSM887301,breast,carcinoma,NA
GSM887300,breast,carcinoma,NA
GSM887299,breast,carcinoma,NA
GSM887298,skin,malignant_melanoma,NA
GSM887297,breast,carcinoma,NA
GSM887296,breast,carcinoma,NA
GSM887295,breast,carcinoma,NA
GSM887294,breast,carcinoma,ductal_carcinoma
GSM887293,breast,carcinoma,ductal_carcinoma
GSM887292,breast,carcinoma,ductal_carcinoma
GSM887291,breast,carcinoma,NA
GSM887290,ovary,carcinoma,adenocarcinoma
GSM887289,haematopoietic_and_lymphoid_tissue,lymphoid_neoplasm,B_cell_lymphoma_unspecified
GSM887288,skin,malignant_melanoma,NA
GSM887287,haematopoietic_and_lymphoid_tissue,haematopoietic_neoplasm,acute_myeloid_leukaemia
GSM887286,central_nervous_system,glioma,astrocytoma_Grade_IV
GSM887285,lung,carcinoma,adenocarcinoma
GSM887284,lung,carcinoma,squamous_cell_carcinoma
GSM887283,lung,carcinoma,large_cell_carcinoma
GSM887282,lung,carcinoma,non_small_cell_carcinoma
GSM887281,large_intestine,carcinoma,adenocarcinoma
GSM887280,large_intestine,carcinoma,adenocarcinoma
GSM887279,large_intestine,carcinoma,adenocarcinoma
GSM887278,large_intestine,carcinoma,adenocarcinoma
GSM887277,large_intestine,carcinoma,adenocarcinoma
GSM887276,haematopoietic_and_lymphoid_tissue,lymphoid_neoplasm,plasma_cell_myeloma
GSM887275,skin,malignant_melanoma,NA
GSM887274,large_intestine,carcinoma,adenocarcinoma
GSM887273,lung,carcinoma,squamous_cell_carcinoma
GSM887272,haematopoietic_and_lymphoid_tissue,lymphoid_neoplasm,acute_lymphoblastic_T_cell_leukaemia
GSM887271,prostate,carcinoma,adenocarcinoma
GSM887270,central_nervous_system,glioma,astrocytoma_Grade_IV
GSM887269,central_nervous_system,glioma,astrocytoma_Grade_IV
GSM887268,stomach,carcinoma,adenocarcinoma
GSM887267,lung,carcinoma,squamous_cell_carcinoma
GSM887266,liver,carcinoma,hepatocellular_carcinoma
GSM887265,lung,carcinoma,large_cell_carcinoma
GSM887264,lung,carcinoma,large_cell_carcinoma
GSM887263,lung,carcinoma,squamous_cell_carcinoma
GSM887262,haematopoietic_and_lymphoid_tissue,haematopoietic_neoplasm,blast_phase_chronic_myeloid_leukaemia
GSM887261,haematopoietic_and_lymphoid_tissue,lymphoid_neoplasm,Hodgkin_lymphoma
GSM887260,haematopoietic_and_lymphoid_tissue,lymphoid_neoplasm,Hodgkin_lymphoma
GSM887259,haematopoietic_and_lymphoid_tissue,lymphoid_neoplasm,plasma_cell_myeloma
GSM887258,pancreas,carcinoma,NA
GSM887257,haematopoietic_and_lymphoid_tissue,lymphoid_neoplasm,Hodgkin_lymphoma
GSM887256,oesophagus,carcinoma,squamous_cell_carcinoma
GSM887255,oesophagus,carcinoma,squamous_cell_carcinoma
GSM887254,oesophagus,carcinoma,squamous_cell_carcinoma
GSM887253,oesophagus,carcinoma,squamous_cell_carcinoma
GSM887252,oesophagus,carcinoma,squamous_cell_carcinoma
GSM887251,oesophagus,carcinoma,squamous_cell_carcinoma
GSM887250,oesophagus,carcinoma,squamous_cell_carcinoma
GSM887249,oesophagus,carcinoma,squamous_cell_carcinoma
GSM887248,oesophagus,carcinoma,squamous_cell_carcinoma
GSM887247,oesophagus,carcinoma,squamous_cell_carcinoma
GSM887246,haematopoietic_and_lymphoid_tissue,haematopoietic_neoplasm,blast_phase_chronic_myeloid_leukaemia
GSM887245,soft_tissue,rhabdomyosarcoma,NA
GSM887244,haematopoietic_and_lymphoid_tissue,haematopoietic_neoplasm,chronic_myeloid_leukaemia
GSM887243,urinary_tract,carcinoma,transitional_cell_carcinoma
GSM887242,central_nervous_system,glioma,astrocytoma_Grade_IV
GSM887241,autonomic_ganglia,neuroblastoma,NA
GSM887240,autonomic_ganglia,neuroblastoma,NA
GSM887239,autonomic_ganglia,neuroblastoma,NA
GSM887238,breast,carcinoma,ductal_carcinoma
GSM887237,pancreas,carcinoma,ductal_carcinoma
GSM887236,pancreas,carcinoma,ductal_carcinoma
GSM887235,pancreas,carcinoma,NA
GSM887234,haematopoietic_and_lymphoid_tissue,lymphoid_neoplasm,acute_lymphoblastic_B_cell_leukaemia
GSM887233,haematopoietic_and_lymphoid_tissue,haematopoietic_neoplasm,acute_myeloid_leukaemia
GSM887232,central_nervous_system,glioma,astrocytoma_Grade_IV
GSM887231,lung,carcinoma,squamous_cell_carcinoma
GSM887230,central_nervous_system,glioma,astrocytoma_Grade_IV
GSM887229,central_nervous_system,glioma,NA
GSM887228,haematopoietic_and_lymphoid_tissue,lymphoid_neoplasm,plasma_cell_myeloma
GSM887227,haematopoietic_and_lymphoid_tissue,lymphoid_neoplasm,plasma_cell_myeloma
GSM887226,haematopoietic_and_lymphoid_tissue,lymphoid_neoplasm,plasma_cell_myeloma
GSM887225,haematopoietic_and_lymphoid_tissue,lymphoid_neoplasm,plasma_cell_myeloma
GSM887224,haematopoietic_and_lymphoid_tissue,lymphoid_neoplasm,plasma_cell_myeloma
GSM887223,haematopoietic_and_lymphoid_tissue,lymphoid_neoplasm,plasma_cell_myeloma
GSM887222,haematopoietic_and_lymphoid_tissue,lymphoid_neoplasm,plasma_cell_myeloma
GSM887221,haematopoietic_and_lymphoid_tissue,lymphoid_neoplasm,plasma_cell_myeloma
GSM887220,haematopoietic_and_lymphoid_tissue,lymphoid_neoplasm,plasma_cell_myeloma
GSM887219,kidney,carcinoma,clear_cell_renal_cell_carcinoma
GSM887218,kidney,carcinoma,clear_cell_renal_cell_carcinoma
GSM887217,kidney,carcinoma,renal_cell_carcinoma
GSM887216,kidney,carcinoma,clear_cell_renal_cell_carcinoma
GSM887215,haematopoietic_and_lymphoid_tissue,lymphoid_neoplasm,plasma_cell_myeloma
GSM887214,haematopoietic_and_lymphoid_tissue,lymphoid_neoplasm,Hodgkin_lymphoma
GSM887213,urinary_tract,carcinoma,NA
GSM887212,large_intestine,carcinoma,adenocarcinoma
GSM887211,endometrium,carcinoma,adenocarcinoma
GSM887210,haematopoietic_and_lymphoid_tissue,lymphoid_neoplasm,anaplastic_large_cell_lymphoma
GSM887209,haematopoietic_and_lymphoid_tissue,lymphoid_neoplasm,plasma_cell_myeloma
GSM887208,haematopoietic_and_lymphoid_tissue,haematopoietic_neoplasm,acute_myeloid_leukaemia
GSM887207,central_nervous_system,glioma,astrocytoma_Grade_IV
GSM887206,autonomic_ganglia,neuroblastoma,NA
GSM887205,haematopoietic_and_lymphoid_tissue,lymphoid_neoplasm,plasma_cell_myeloma
GSM887204,stomach,carcinoma,NA
GSM887203,haematopoietic_and_lymphoid_tissue,haematopoietic_neoplasm,acute_lymphoblastic_leukaemia
GSM887202,haematopoietic_and_lymphoid_tissue,haematopoietic_neoplasm,blast_phase_chronic_myeloid_leukaemia
GSM887201,pancreas,carcinoma,ductal_carcinoma
GSM887200,stomach,carcinoma,adenocarcinoma
GSM887199,haematopoietic_and_lymphoid_tissue,haematopoietic_neoplasm,acute_myeloid_leukaemia
GSM887198,haematopoietic_and_lymphoid_tissue,lymphoid_neoplasm,acute_lymphoblastic_leukaemia
GSM887197,haematopoietic_and_lymphoid_tissue,haematopoietic_neoplasm,acute_myeloid_leukaemia
GSM887196,haematopoietic_and_lymphoid_tissue,lymphoid_neoplasm,plasma_cell_myeloma
GSM887195,haematopoietic_and_lymphoid_tissue,lymphoid_neoplasm,anaplastic_large_cell_lymphoma
GSM887194,central_nervous_system,glioma,NA
GSM887193,haematopoietic_and_lymphoid_tissue,haematopoietic_neoplasm,blast_phase_chronic_myeloid_leukaemia
GSM887192,skin,malignant_melanoma,NA
GSM887191,haematopoietic_and_lymphoid_tissue,lymphoid_neoplasm,chronic_lymphocytic_leukaemia-small_lymphocytic_lymphoma
GSM887190,haematopoietic_and_lymphoid_tissue,lymphoid_neoplasm,chronic_lymphocytic_leukaemia-small_lymphocytic_lymphoma
GSM887189,haematopoietic_and_lymphoid_tissue,haematopoietic_neoplasm,blast_phase_chronic_myeloid_leukaemia
GSM887188,haematopoietic_and_lymphoid_tissue,lymphoid_neoplasm,acute_lymphoblastic_T_cell_leukaemia
GSM887187,urinary_tract,carcinoma,NA
GSM887186,haematopoietic_and_lymphoid_tissue,lymphoid_neoplasm,B_cell_lymphoma_unspecified
GSM887185,pleura,mesothelioma,NA
GSM887184,haematopoietic_and_lymphoid_tissue,haematopoietic_neoplasm,blast_phase_chronic_myeloid_leukaemia
GSM887183,breast,carcinoma,ductal_carcinoma
GSM887182,endometrium,carcinoma,adenocarcinoma
GSM887181,endometrium,carcinoma,adenocarcinoma
GSM887180,endometrium,carcinoma,adenocarcinoma
GSM887179,ovary,carcinoma,adenocarcinoma
GSM887178,ovary,carcinoma,adenocarcinoma
GSM887177,ovary,carcinoma,adenocarcinoma
GSM887176,ovary,carcinoma,adenocarcinoma
GSM887175,ovary,carcinoma,clear_cell_carcinoma
GSM887174,liver,carcinoma,hepatocellular_carcinoma
GSM887173,liver,carcinoma,hepatocellular_carcinoma
GSM887172,liver,carcinoma,hepatocellular_carcinoma
GSM887171,liver,carcinoma,hepatocellular_carcinoma
GSM887170,liver,carcinoma,hepatocellular_carcinoma
GSM887169,liver,carcinoma,hepatocellular_carcinoma
GSM887168,haematopoietic_and_lymphoid_tissue,lymphoid_neoplasm,mantle_cell_lymphoma
GSM887167,urinary_tract,carcinoma,transitional_cell_carcinoma
GSM887166,pleura,mesothelioma,NA
GSM887165,pleura,mesothelioma,NA
GSM887164,endometrium,carcinoma,adenocarcinoma
GSM887163,skin,malignant_melanoma,NA
GSM887162,autonomic_ganglia,neuroblastoma,NA
GSM887161,stomach,carcinoma,intestinal_adenocarcinoma
GSM887160,ovary,carcinoma,adenocarcinoma
GSM887159,skin,malignant_melanoma,NA
GSM887158,skin,malignant_melanoma,NA
GSM887157,skin,malignant_melanoma,NA
GSM887156,lung,carcinoma,large_cell_carcinoma
GSM887155,small_intestine,carcinoma,adenocarcinoma
GSM887154,haematopoietic_and_lymphoid_tissue,lymphoid_neoplasm,mycosis_fungoides-Sezary_syndrome
GSM887153,haematopoietic_and_lymphoid_tissue,lymphoid_neoplasm,mycosis_fungoides-Sezary_syndrome
GSM887152,pancreas,carcinoma,NA
GSM887151,pancreas,carcinoma,NA
GSM887150,haematopoietic_and_lymphoid_tissue,lymphoid_neoplasm,plasma_cell_myeloma
GSM887149,liver,carcinoma,hepatocellular_carcinoma
GSM887148,liver,other,hepatoblastoma
GSM887147,biliary_tract,carcinoma,NA
GSM887146,liver,carcinoma,hepatocellular_carcinoma
GSM887145,stomach,carcinoma,NA
GSM887144,biliary_tract,carcinoma,NA
GSM887143,haematopoietic_and_lymphoid_tissue,lymphoid_neoplasm,B_cell_lymphoma_unspecified
GSM887142,large_intestine,carcinoma,adenocarcinoma
GSM887141,large_intestine,carcinoma,adenocarcinoma
GSM887140,skin,malignant_melanoma,NA
GSM887139,urinary_tract,carcinoma,transitional_cell_carcinoma
GSM887138,urinary_tract,carcinoma,NA
GSM887137,large_intestine,carcinoma,NA
GSM887136,soft_tissue,fibrosarcoma,NA
GSM887135,upper_aerodigestive_tract,carcinoma,squamous_cell_carcinoma
GSM887134,upper_aerodigestive_tract,carcinoma,squamous_cell_carcinoma
GSM887133,upper_aerodigestive_tract,carcinoma,squamous_cell_carcinoma
GSM887132,skin,malignant_melanoma,NA
GSM887131,skin,malignant_melanoma,NA
GSM887130,skin,malignant_melanoma,NA
GSM887129,skin,malignant_melanoma,NA
GSM887128,skin,malignant_melanoma,NA
GSM887127,skin,malignant_melanoma,NA
GSM887126,bone,osteosarcoma,NA
GSM887125,bone,osteosarcoma,NA
GSM887124,bone,Ewings_sarcoma-peripheral_primitive_neuroectodermal_tumour,NA
GSM887123,skin,malignant_melanoma,NA
GSM887122,upper_aerodigestive_tract,other,papilloma
GSM887121,skin,malignant_melanoma,NA
GSM887120,bone,Ewings_sarcoma-peripheral_primitive_neuroectodermal_tumour,NA
GSM887119,bone,giant_cell_tumour,NA
GSM887118,bone,chondrosarcoma,NA
GSM887117,pancreas,carcinoma,ductal_carcinoma
GSM887116,haematopoietic_and_lymphoid_tissue,lymphoid_neoplasm,Hodgkin_lymphoma
GSM887115,stomach,carcinoma,NA
GSM887114,breast,carcinoma,NA
GSM887113,breast,carcinoma,NA
GSM887112,bone,other,giant_cell_tumour
GSM887111,soft_tissue,rhabdomyosarcoma,NA
GSM887110,bone,giant_cell_tumour,NA
GSM887109,large_intestine,carcinoma,adenocarcinoma
GSM887108,skin,malignant_melanoma,NA
GSM887107,skin,malignant_melanoma,NA
GSM887106,central_nervous_system,glioma,astrocytoma_Grade_IV
GSM887105,large_intestine,carcinoma,NA
GSM887104,lung,carcinoma,adenocarcinoma
GSM887103,haematopoietic_and_lymphoid_tissue,lymphoid_neoplasm,Hodgkin_lymphoma
GSM887102,haematopoietic_and_lymphoid_tissue,lymphoid_neoplasm,Hodgkin_lymphoma
GSM887101,breast,carcinoma,NA
GSM887100,haematopoietic_and_lymphoid_tissue,lymphoid_neoplasm,Hodgkin_lymphoma
GSM887099,skin,malignant_melanoma,NA
GSM887098,breast,carcinoma,ductal_carcinoma
GSM887097,breast,carcinoma,NA
GSM887096,skin,malignant_melanoma,NA
GSM887095,breast,carcinoma,NA
GSM887094,breast,carcinoma,NA
GSM887093,lung,carcinoma,adenocarcinoma
GSM887092,urinary_tract,carcinoma,NA
GSM887091,haematopoietic_and_lymphoid_tissue,lymphoid_neoplasm,acute_lymphoblastic_T_cell_leukaemia
GSM887090,pancreas,carcinoma,ductal_carcinoma
GSM887089,pancreas,carcinoma,ductal_carcinoma
GSM887088,bone,osteosarcoma,NA
GSM887087,skin,malignant_melanoma,NA
GSM887086,liver,carcinoma,hepatocellular_carcinoma
GSM887085,lung,carcinoma,squamous_cell_carcinoma
GSM887084,liver,carcinoma,hepatocellular_carcinoma
GSM887083,haematopoietic_and_lymphoid_tissue,haematopoietic_neoplasm,acute_myeloid_leukaemia
GSM887082,haematopoietic_and_lymphoid_tissue,lymphoid_neoplasm,adult_T_cell_lymphoma-leukaemia
GSM887081,stomach,carcinoma,undifferentiated_adenocarcinoma
GSM887080,ovary,carcinoma,NA
GSM887079,liver,carcinoma,hepatocellular_carcinoma
GSM887078,liver,carcinoma,hepatocellular_carcinoma
GSM887077,haematopoietic_and_lymphoid_tissue,haematopoietic_neoplasm,acute_myeloid_leukaemia
GSM887076,haematopoietic_and_lymphoid_tissue,haematopoietic_neoplasm,acute_myeloid_leukaemia
GSM887075,endometrium,carcinoma,adenocarcinoma
GSM887074,endometrium,carcinoma,adenocarcinoma
GSM887073,endometrium,carcinoma,adenocarcinoma
GSM887072,endometrium,carcinoma,adenocarcinoma
GSM887071,endometrium,carcinoma,adenocarcinoma
GSM887070,endometrium,carcinoma,adenocarcinoma
GSM887069,endometrium,carcinoma,adenocarcinoma
GSM887068,endometrium,carcinoma,adenocarcinoma
GSM887067,endometrium,carcinoma,adenocarcinoma
GSM887066,breast,carcinoma,ductal_carcinoma
GSM887065,haematopoietic_and_lymphoid_tissue,lymphoid_neoplasm,Hodgkin_lymphoma
GSM887064,haematopoietic_and_lymphoid_tissue,lymphoid_neoplasm,Hodgkin_lymphoma
GSM887063,large_intestine,carcinoma,adenocarcinoma
GSM887062,large_intestine,carcinoma,NA
GSM887061,lung,carcinoma,squamous_cell_carcinoma
GSM887060,lung,carcinoma,adenocarcinoma
GSM887059,lung,carcinoma,adenocarcinoma
GSM887058,breast,carcinoma,ductal_carcinoma
GSM887057,large_intestine,carcinoma,adenocarcinoma
GSM887056,lung,carcinoma,adenocarcinoma
GSM887055,lung,carcinoma,adenocarcinoma
GSM887054,breast,carcinoma,ductal_carcinoma
GSM887053,lung,carcinoma,mixed_adenosquamous_carcinoma
GSM887052,lung,carcinoma,small_cell_carcinoma
GSM887051,lung,carcinoma,non_small_cell_carcinoma
GSM887050,lung,carcinoma,adenocarcinoma
GSM887049,breast,carcinoma,ductal_carcinoma
GSM887048,breast,carcinoma,ductal_carcinoma
GSM887047,breast,carcinoma,ductal_carcinoma
GSM887046,breast,carcinoma,ductal_carcinoma
GSM887045,breast,carcinoma,ductal_carcinoma
GSM887044,breast,carcinoma,ductal_carcinoma
GSM887043,lung,carcinoma,squamous_cell_carcinoma
GSM887042,breast,carcinoma,ductal_carcinoma
GSM887041,breast,carcinoma,metaplastic_carcinoma
GSM887040,breast,carcinoma,ductal_carcinoma
GSM887039,breast,carcinoma,NA
GSM887038,breast,carcinoma,ductal_carcinoma
GSM887037,breast,carcinoma,ductal_carcinoma
GSM887036,lung,carcinoma,mixed_adenosquamous_carcinoma
GSM887035,breast,carcinoma,ductal_carcinoma
GSM887034,lung,carcinoma,non_small_cell_carcinoma
GSM887033,breast,carcinoma,ductal_carcinoma
GSM887032,lung,carcinoma,squamous_cell_carcinoma
GSM887031,central_nervous_system,glioma,NA
GSM887030,stomach,carcinoma,adenocarcinoma
GSM887029,stomach,carcinoma,adenocarcinoma
GSM887028,haematopoietic_and_lymphoid_tissue,lymphoid_neoplasm,mantle_cell_lymphoma
GSM887027,large_intestine,carcinoma,adenocarcinoma
GSM887026,central_nervous_system,glioma,astrocytoma
GSM887025,central_nervous_system,glioma,astrocytoma_Grade_IV
GSM887024,central_nervous_system,glioma,gliosarcoma
GSM887023,haematopoietic_and_lymphoid_tissue,haematopoietic_neoplasm,acute_myeloid_leukaemia
GSM887022,soft_tissue,malignant_fibrous_histiocytoma-pleomorphic_sarcoma,NA
GSM887021,stomach,carcinoma,adenocarcinoma
GSM887020,central_nervous_system,glioma,NA
GSM887019,haematopoietic_and_lymphoid_tissue,lymphoid_neoplasm,Burkitt_lymphoma
GSM887018,soft_tissue,rhabdoid_tumour,NA
GSM887017,soft_tissue,rhabdoid_tumour,NA
GSM887016,skin,malignant_melanoma,NA
GSM887015,bone,osteosarcoma,NA
GSM887014,ovary,carcinoma,serous_carcinoma
GSM887013,stomach,carcinoma,diffuse_adenocarcinoma
GSM887012,thyroid,carcinoma,follicular_carcinoma
GSM887011,upper_aerodigestive_tract,carcinoma,squamous_cell_carcinoma
GSM887010,haematopoietic_and_lymphoid_tissue,haematopoietic_neoplasm,acute_myeloid_leukaemia
GSM887009,endometrium,carcinoma,carcinosarcoma-malignant_mesodermal_mixed_tumour
GSM887008,ovary,carcinoma,clear_cell_carcinoma
GSM887007,lung,carcinoma,squamous_cell_carcinoma
GSM887006,haematopoietic_and_lymphoid_tissue,haematopoietic_neoplasm,acute_myeloid_leukaemia
GSM887005,endometrium,carcinoma,NA
GSM887004,haematopoietic_and_lymphoid_tissue,haematopoietic_neoplasm,blast_phase_chronic_myeloid_leukaemia
GSM887003,haematopoietic_and_lymphoid_tissue,lymphoid_neoplasm,plasma_cell_myeloma
GSM887002,haematopoietic_and_lymphoid_tissue,lymphoid_neoplasm,chronic_lymphocytic_leukaemia-small_lymphocytic_lymphoma
GSM887001,ovary,carcinoma,mucinous_carcinoma
GSM887000,ovary,carcinoma,serous_carcinoma
GSM886999,breast,carcinoma,ductal_carcinoma
GSM886998,breast,carcinoma,NA
GSM886997,endometrium,carcinoma,NA
GSM886996,oesophagus,carcinoma,NA
GSM886995,stomach,carcinoma,small_cell_adenocarcinoma
GSM886994,stomach,carcinoma,small_cell_adenocarcinoma
GSM886993,lung,carcinoma,squamous_cell_carcinoma
GSM886992,haematopoietic_and_lymphoid_tissue,lymphoid_neoplasm,Burkitt_lymphoma
GSM886991,haematopoietic_and_lymphoid_tissue,lymphoid_neoplasm,Burkitt_lymphoma
GSM886990,lung,carcinoma,adenocarcinoma
GSM886989,breast,carcinoma,NA
GSM886988,prostate,carcinoma,NA
GSM886987,haematopoietic_and_lymphoid_tissue,lymphoid_neoplasm,diffuse_large_B_cell_lymphoma
GSM886986,haematopoietic_and_lymphoid_tissue,lymphoid_neoplasm,acute_lymphoblastic_T_cell_leukaemia
GSM886985,lung,carcinoma,small_cell_carcinoma
GSM886984,lung,carcinoma,small_cell_carcinoma
GSM886983,lung,carcinoma,small_cell_carcinoma
GSM886982,lung,carcinoma,small_cell_carcinoma
GSM886981,lung,carcinoma,small_cell_carcinoma
GSM886980,lung,carcinoma,small_cell_carcinoma
GSM886979,large_intestine,carcinoma,adenocarcinoma
GSM886978,central_nervous_system,glioma,astrocytoma_Grade_IV
GSM886977,upper_aerodigestive_tract,carcinoma,NA
GSM886976,haematopoietic_and_lymphoid_tissue,lymphoid_neoplasm,NA
GSM886975,haematopoietic_and_lymphoid_tissue,lymphoid_neoplasm,diffuse_large_B_cell_lymphoma
GSM886974,central_nervous_system,glioma,astrocytoma_Grade_IV
GSM886973,haematopoietic_and_lymphoid_tissue,lymphoid_neoplasm,Burkitt_lymphoma
GSM886972,central_nervous_system,primitive_neuroectodermal_tumour-medulloblastoma,NA
GSM886971,pancreas,carcinoma,NA
GSM886970,central_nervous_system,primitive_neuroectodermal_tumour-medulloblastoma,NA
GSM886969,central_nervous_system,primitive_neuroectodermal_tumour-medulloblastoma,NA
GSM886968,large_intestine,carcinoma,NA
GSM886967,lung,carcinoma,small_cell_carcinoma
GSM886966,ovary,carcinoma,NA
GSM886965,ovary,carcinoma,NA
GSM886964,ovary,sex_cord-stromal_tumour,granulosa_cell_tumour
GSM886963,ovary,carcinoma,NA
GSM886962,ovary,carcinoma,NA
GSM886961,lung,carcinoma,small_cell_carcinoma
GSM886960,lung,carcinoma,small_cell_carcinoma
GSM886959,lung,carcinoma,small_cell_carcinoma
GSM886958,lung,carcinoma,small_cell_carcinoma
GSM886957,lung,carcinoma,small_cell_carcinoma
GSM886956,lung,carcinoma,large_cell_carcinoma
GSM886955,lung,carcinoma,adenocarcinoma
GSM886954,skin,malignant_melanoma,NA
GSM886953,skin,malignant_melanoma,NA
GSM886952,skin,malignant_melanoma,NA
GSM886951,skin,malignant_melanoma,NA
GSM886950,skin,malignant_melanoma,NA
GSM886949,skin,malignant_melanoma,NA
GSM886948,skin,malignant_melanoma,NA
GSM886947,ovary,carcinoma,NA
GSM886946,lung,carcinoma,adenocarcinoma
GSM886945,oesophagus,carcinoma,squamous_cell_carcinoma
GSM886944,skin,malignant_melanoma,NA
GSM886943,large_intestine,carcinoma,adenocarcinoma
GSM886942,lung,carcinoma,small_cell_carcinoma
GSM886941,large_intestine,carcinoma,adenocarcinoma
GSM886940,large_intestine,carcinoma,adenocarcinoma
GSM886939,haematopoietic_and_lymphoid_tissue,haematopoietic_neoplasm,blast_phase_chronic_myeloid_leukaemia
GSM886938,haematopoietic_and_lymphoid_tissue,haematopoietic_neoplasm,acute_myeloid_leukaemia
GSM886937,haematopoietic_and_lymphoid_tissue,haematopoietic_neoplasm,acute_myeloid_leukaemia
GSM886936,large_intestine,carcinoma,NA
GSM886935,large_intestine,carcinoma,adenocarcinoma
GSM886934,large_intestine,carcinoma,NA
GSM886933,large_intestine,carcinoma,adenocarcinoma
GSM886932,skin,malignant_melanoma,NA
GSM886931,haematopoietic_and_lymphoid_tissue,lymphoid_neoplasm,B_cell_lymphoma_unspecified
GSM886930,autonomic_ganglia,neuroblastoma,NA
GSM886929,autonomic_ganglia,neuroblastoma,NA
GSM886928,skin,malignant_melanoma,NA
GSM886927,lung,carcinoma,NA
GSM886926,thyroid,carcinoma,follicular_carcinoma
GSM886925,pancreas,carcinoma,ductal_carcinoma
GSM886924,large_intestine,carcinoma,adenocarcinoma
GSM886923,central_nervous_system,glioma,astrocytoma
GSM886922,central_nervous_system,glioma,astrocytoma_Grade_IV
GSM886921,pancreas,carcinoma,ductal_carcinoma
GSM886920,pancreas,carcinoma,ductal_carcinoma
GSM886919,ovary,carcinoma,adenocarcinoma
GSM886918,ovary,carcinoma,adenocarcinoma
GSM886917,breast,carcinoma,NA
GSM886916,lung,carcinoma,undifferentiated_carcinoma
GSM886915,lung,carcinoma,adenocarcinoma
GSM886914,lung,carcinoma,squamous_cell_carcinoma
GSM886913,breast,carcinoma,NA
GSM886912,bone,chondrosarcoma,dedifferentiated
GSM886911,thyroid,carcinoma,anaplastic_carcinoma
GSM886910,kidney,carcinoma,renal_cell_carcinoma
GSM886909,breast,carcinoma,NA
GSM886908,urinary_tract,carcinoma,transitional_cell_carcinoma
GSM886907,upper_aerodigestive_tract,carcinoma,squamous_cell_carcinoma
GSM886906,breast,carcinoma,ductal_carcinoma
GSM886905,lung,carcinoma,non_small_cell_carcinoma
GSM886904,breast,carcinoma,NA
GSM886903,kidney,carcinoma,clear_cell_renal_cell_carcinoma
GSM886902,kidney,carcinoma,clear_cell_renal_cell_carcinoma
GSM886901,bone,Ewings_sarcoma-peripheral_primitive_neuroectodermal_tumour,NA
GSM886900,haematopoietic_and_lymphoid_tissue,lymphoid_neoplasm,Burkitt_lymphoma
GSM886899,liver,carcinoma,hepatocellular_carcinoma
GSM886898,skin,malignant_melanoma,NA
GSM886897,large_intestine,carcinoma,adenocarcinoma
GSM886896,pancreas,carcinoma,ductal_carcinoma
GSM886895,haematopoietic_and_lymphoid_tissue,haematopoietic_neoplasm,blast_phase_chronic_myeloid_leukaemia
GSM886894,breast,carcinoma,ductal_carcinoma
GSM886893,breast,carcinoma,ductal_carcinoma
GSM886892,breast,carcinoma,ductal_carcinoma
GSM886891,breast,carcinoma,ductal_carcinoma
GSM886890,haematopoietic_and_lymphoid_tissue,lymphoid_neoplasm,Burkitt_lymphoma
GSM886889,haematopoietic_and_lymphoid_tissue,lymphoid_neoplasm,Burkitt_lymphoma
GSM886888,upper_aerodigestive_tract,carcinoma,squamous_cell_carcinoma
GSM886887,upper_aerodigestive_tract,carcinoma,squamous_cell_carcinoma
GSM886886,upper_aerodigestive_tract,carcinoma,squamous_cell_carcinoma
GSM886885,upper_aerodigestive_tract,carcinoma,squamous_cell_carcinoma
GSM886884,upper_aerodigestive_tract,carcinoma,squamous_cell_carcinoma
GSM886883,upper_aerodigestive_tract,carcinoma,squamous_cell_carcinoma
GSM886882,upper_aerodigestive_tract,carcinoma,squamous_cell_carcinoma
GSM886881,thyroid,carcinoma,anaplastic_carcinoma
GSM886880,kidney,carcinoma,NA
GSM886879,urinary_tract,carcinoma,transitional_cell_carcinoma
GSM886878,lung,carcinoma,NA
GSM886877,central_nervous_system,glioma,astrocytoma_Grade_IV
GSM886876,haematopoietic_and_lymphoid_tissue,lymphoid_neoplasm,acute_lymphoblastic_B_cell_leukaemia
GSM886875,thyroid,carcinoma,papillary_carcinoma
GSM886874,haematopoietic_and_lymphoid_tissue,lymphoid_neoplasm,B_cell_lymphoma_unspecified
GSM886873,urinary_tract,carcinoma,transitional_cell_carcinoma
GSM886872,stomach,carcinoma,NA
GSM886871,breast,carcinoma,NA
GSM886870,pancreas,carcinoma,ductal_carcinoma
GSM886869,endometrium,carcinoma,adenocarcinoma
GSM886868,haematopoietic_and_lymphoid_tissue,lymphoid_neoplasm,plasma_cell_myeloma
GSM886867,haematopoietic_and_lymphoid_tissue,haematopoietic_neoplasm,acute_myeloid_leukaemia
GSM886866,central_nervous_system,glioma,astrocytoma_Grade_IV
GSM886865,liver,carcinoma,hepatocellular_carcinoma
GSM886864,stomach,carcinoma,adenocarcinoma
GSM886863,kidney,carcinoma,renal_cell_carcinoma
GSM886862,pleura,mesothelioma,NA
GSM886861,lung,carcinoma,non_small_cell_carcinoma
GSM886860,kidney,carcinoma,renal_cell_carcinoma
GSM886859,bone,Ewings_sarcoma-peripheral_primitive_neuroectodermal_tumour,NA
GSM886858,lung,carcinoma,non_small_cell_carcinoma
GSM886857,haematopoietic_and_lymphoid_tissue,lymphoid_neoplasm,diffuse_large_B_cell_lymphoma
GSM886856,kidney,carcinoma,renal_cell_carcinoma
GSM886855,haematopoietic_and_lymphoid_tissue,lymphoid_neoplasm,diffuse_large_B_cell_lymphoma
GSM886854,skin,malignant_melanoma,NA
GSM886853,ovary,carcinoma,adenocarcinoma
GSM886852,salivary_gland,carcinoma,mucoepidermoid_carcinoma
GSM886851,soft_tissue,rhabdomyosarcoma,NA
GSM886850,central_nervous_system,glioma,astrocytoma_Grade_IV
GSM886849,skin,malignant_melanoma,NA
GSM886848,central_nervous_system,glioma,astrocytoma_Grade_IV
GSM886847,thyroid,carcinoma,anaplastic_carcinoma
GSM886846,thyroid,carcinoma,anaplastic_carcinoma
GSM886845,kidney,carcinoma,clear_cell_renal_cell_carcinoma
GSM886844,kidney,carcinoma,clear_cell_renal_cell_carcinoma
GSM886843,haematopoietic_and_lymphoid_tissue,haematopoietic_neoplasm,acute_lymphoblastic_leukaemia
GSM886842,urinary_tract,carcinoma,transitional_cell_carcinoma
GSM886841,urinary_tract,carcinoma,transitional_cell_carcinoma
GSM886840,urinary_tract,carcinoma,NA
GSM886839,central_nervous_system,glioma,astrocytoma_Grade_IV
GSM886838,stomach,carcinoma,adenocarcinoma
GSM886837,prostate,carcinoma,NA
GSM886836,bone,osteosarcoma,NA
GSM886835,central_nervous_system,glioma,astrocytoma
